"player_name","player_id","year",xwoba,xba,"xslg","xiso","xobp","brl","brl_percent","exit_velocity","max_ev","hard_hit_percent","k_percent","bb_percent","whiff_percent","chase_percent","arm_strength","sprint_speed","oaa","bat_speed","squared_up_rate","swing_length"
"Moore, Christian","695681","2025",,,,,,,,,80,,,,,,15,78,,,,
"Walker, Jordan","691023","2025",7,4,20,36,3,35,66,91,99,87,3,38,1,15,96,84,15,99,2,1
"Brooks, Trenton","670092","2025",,,,,,,,,8,,,,,,,29,,,,
"McLain, Matt","680574","2025",9,4,14,27,14,37,38,30,52,39,6,64,25,60,41,93,87,18,33,84
"Henderson, Gunnar","683002","2025",72,89,50,31,88,62,46,89,89,84,51,64,43,50,71,79,20,91,47,48
"Julks, Corey","667452","2025",,,,,,,,,3,,,,,,,48,,,,
"Noel, Jhonkensy","678877","2025",,,,,,,,,98,,,,,,83,42,,,,
"Caglianone, Jac","695506","2025",,,,,,,,,90,,,,,,98,34,,,,
"Bruján, Vidal","660644","2025",,,,,,,,,57,,,,,,,38,,,,
"De La Cruz, Bryan","650559","2025",,,,,,,,,20,,,,,,,60,,,,
"Narváez, Carlos","665966","2025",13,8,27,41,10,37,51,75,68,56,26,51,28,39,,11,,52,50,18
"Rivera, Emmanuel","656896","2025",,,,,,,,,43,,,,,,,14,,,,
"Mangum, Jake","663968","2025",5,50,8,6,10,6,7,14,35,14,84,3,81,1,63,91,91,3,61,97
"Sogard, Nick","686765","2025",,,,,,,,,28,,,,,,,65,,,,
"Stefanic, Michael","683021","2025",,,,,,,,,7,,,,,,,6,,,,
"Smith, Josh","669701","2025",33,47,22,17,65,24,18,12,34,10,72,70,79,65,38,50,11,12,67,94
"Short, Zack","670097","2025",,,,,,,,,19,,,,,,40,48,,,,
"Vierling, Matt","663837","2025",,,,,,,,,29,,,,,,45,57,,,,
"Kingery, Scott","664068","2025",,,,,,,,,25,,,,,,,73,,,,
"Acuña, Luisangel","682668","2025",,,,,,,,,57,,,,,,26,97,64,,,
"Benintendi, Andrew","643217","2025",47,21,60,70,32,62,67,20,36,23,74,51,48,42,37,30,4,9,83,69
"Contreras, Willson","575929","2025",88,64,85,86,80,84,86,63,93,83,24,44,23,35,76,50,91,95,10,3
"Turner, Trea","607208","2025",41,79,38,24,55,38,22,39,73,44,78,30,46,30,36,100,99,36,51,18
"Berti, Jon","542932","2025",,,,,,,,,77,,,,,,9,77,,,,
"Keith, Colt","690993","2025",74,63,65,61,74,42,52,50,54,51,47,73,63,67,31,66,22,28,73,90
"Walton, Donovan","622268","2025",,,,,,,,,9,,,,,,,16,,,,
"Baty, Brett","683146","2025",67,56,71,73,40,59,80,64,96,72,26,42,30,71,28,39,70,86,22,40
"Williams, Luke","663897","2025",,,,,,,,,8,,,,,,,78,,,,
"Fitzgerald, Ryan","680837","2025",,,,,,,,,55,,,,,,,79,,,,
"Duran, Jarren","680776","2025",52,48,41,40,61,75,56,87,99,71,30,53,20,30,71,91,19,86,30,28
"Urshela, Gio","570482","2025",,,,,,,,,28,,,,,,18,2,,,,
"Kayfus, C.J.","692216","2025",,,,,,,,,51,,,,,,64,55,,,,
"Springer, George","543807","2025",99,98,98,96,98,93,94,50,90,78,65,86,37,94,58,66,,73,40,28
"Johnson, Daniel","669288","2025",,,,,,,,,54,,,,,,,94,,,,
"Gurriel Jr., Lourdes","666971","2025",34,58,44,40,29,48,34,18,43,26,90,18,76,14,56,42,19,25,77,28
"Stephenson, Tyler","663886","2025",37,7,46,68,31,37,90,61,30,84,1,78,14,67,,34,,,,
"Baker, Luken","663609","2025",,,,,,,,,48,,,,,,,7,,,,
"Taylor, Michael A.","572191","2025",,,,,,,,,92,,,,,,72,60,83,,,
"Melton, Jacob","689200","2025",,,,,,,,,70,,,,,,40,90,,,,
"Lukes, Nathan","664770","2025",33,58,29,22,55,15,15,19,28,22,91,54,94,27,82,45,74,6,85,97
"Marte, Ketel","606466","2025",97,95,94,89,96,88,83,66,100,73,85,84,63,72,41,29,74,85,72,7
"Bellinger, Cody","641355","2025",49,53,51,50,44,62,36,24,56,26,91,54,84,36,83,72,93,21,73,7
"Pages, Andy","681624","2025",41,63,57,52,25,62,45,28,61,24,48,6,68,18,98,68,97,57,33,5
"Torrens, Luis","620443","2025",,,,,,,,,59,,,,,,,28,,,,
"Huff, Sam","669087","2025",,,,,,,,,13,,,,,,,1,,,,
"Lile, Daylen","695734","2025",76,99,64,28,82,13,20,33,43,35,82,22,81,57,52,92,5,,,
"Hoskins, Rhys","656555","2025",,,,,,,,,67,,,,,,9,4,,,,
"Alexander, Blaze","677942","2025",,,,,,,,,62,,,,,,63,86,69,,,
"Harper, Bryce","547180","2025",91,83,89,83,92,81,77,79,88,77,52,88,13,11,8,39,67,81,14,48
"Hicks, Liam","689414","2025",32,30,11,10,77,7,9,1,36,5,87,80,91,98,,22,,,,
"Wiemer, Joey","686894","2025",,,,,,,,,27,,,,,,86,76,,,,
"McGuire, Reese","624512","2025",,,,,,,,,16,,,,,,,16,,,,
"Beck, Jordan","687597","2025",24,17,33,41,18,56,55,14,88,28,5,38,12,52,69,83,31,66,3,13
"Whitcomb, Shay","694376","2025",,,,,,,,,27,,,,,,,66,,,,
"Thaiss, Matt","642136","2025",,,,,,,,,52,,,,,,,7,,,,
"Vargas, Miguel","678246","2025",44,26,39,46,48,62,54,46,63,38,72,70,75,89,42,50,8,25,83,18
"Carter, Evan","694497","2025",,,,,,,,,67,,,,,,56,90,,,,
"Johnston, Troy","687859","2025",,,,,,,,,17,,,,,,,27,,,,
"Wynns, Austin","642851","2025",,,,,,,,,30,,,,,,,2,,,,
"Nootbaar, Lars","663457","2025",38,18,33,42,55,66,60,79,84,87,53,80,73,87,81,39,40,67,78,84
"Azocar, José","640492","2025",,,,,,,,,47,,,,,,,88,,,,
"Renfroe, Hunter","592669","2025",,,,,,,,,60,,,,,,77,38,,,,
"Manzardo, Kyle","700932","2025",47,11,65,81,28,66,74,58,70,52,23,59,28,52,2,9,,25,55,40
"Kurtz, Nick","701762","2025",92,44,95,98,80,85,98,93,93,92,4,90,1,86,6,43,9,98,5,13
"Santana, Carlos","467793","2025",9,5,9,19,28,15,17,16,85,25,62,80,50,71,37,12,94,39,22,18
"Reynolds, Bryan","668804","2025",73,70,68,63,67,72,59,78,86,64,14,54,19,62,69,68,25,50,36,84
"Solak, Nick","669256","2025",,,,,,,,,17,,,,,,,28,,,,
"Vilade, Ryan","668723","2025",,,,,,,,,51,,,,,,,52,,,,
"Eldridge, Bryce","805811","2025",,,,,,,,,50,,,,,,,5,,,,
"Slater, Austin","596103","2025",,,,,,,,,64,,,,,,80,67,,,,
"Lowe, Josh","666139","2025",17,21,20,22,25,18,23,28,45,34,25,42,27,7,61,67,16,55,5,48
"Del Castillo, Adrian","680728","2025",,,,,,,,,39,,,,,,,15,,,,
"O'Hearn, Ryan","656811","2025",74,79,56,38,90,38,37,42,47,46,56,76,59,55,4,53,89,45,51,69
"Margot, Manuel","622534","2025",,,,,,,,,7,,,,,,,8,,,,
"Moniak, Mickey","666160","2025",75,77,90,87,29,77,85,46,74,60,34,7,26,6,56,81,5,74,42,13
"Williams, Carson","700246","2025",,,,,,,,,48,,,,,,58,63,,,,
"Lindor, Francisco","596019","2025",77,66,70,65,77,80,47,61,83,54,70,58,73,57,27,48,90,31,61,28
"Jung, Jace","690291","2025",,,,,,,,,24,,,,,,,10,,,,
"Davis, Henry","680779","2025",,,,,,,,,72,,,,,,,75,,,,
"Bae, Ji Hwan","678225","2025",,,,,,,,,10,,,,,,,82,,,,
"Rivero, Sebastián ","665861","2025",,,,,,,,,14,,,,,,,4,,,,
"Holliday, Jackson","702616","2025",36,34,38,41,39,56,40,30,49,40,48,53,48,85,26,82,5,25,66,84
"Gonzalez, Oscar","660757","2025",,,,,,,,,64,,,,,,,67,,,,
"Lockridge, Brandon","663604","2025",,,,,,,,,32,,,,,,70,99,,,,
"English, Tristin","663536","2025",,,,,,,,,13,,,,,,,20,,,,
"Muncy, Max","691777","2025",,,,,,,,,81,,,,,,43,71,7,,,
"Beavers, Dylan","687637","2025",,,,,,,,,28,,,,,,58,89,,,,
"Soler, Jorge","624585","2025",,,,,,,,,82,,,,,,64,19,,,,
"Eaton, Nate","681987","2025",,,,,,,,,30,,,,,,,98,,,,
"Marte, Noelvi","682622","2025",29,41,49,54,9,30,50,26,97,21,36,3,31,18,93,89,13,,,
"Gray, Tristan","656484","2025",,,,,,,,,61,,,,,,35,43,,,,
"Scott II, Victor","687363","2025",8,10,1,5,37,8,10,6,21,2,33,61,33,73,69,100,99,10,28,98
"Rodríguez, Julio","677594","2025",79,88,80,75,65,84,58,87,96,80,50,24,26,10,95,92,96,96,22,13
"Adames, Willy","642715","2025",60,13,62,77,48,87,79,33,56,48,18,84,21,57,70,65,90,48,14,2
"Espinal, Santiago","669289","2025",,,,,,,,,25,,,,,,20,43,76,,,
"Chourio, Jackson","694192","2025",33,51,57,55,15,72,56,39,87,45,53,12,38,8,70,93,82,75,56,28
"Avans, Drew","682183","2025",,,,,,,,,4,,,,,,,92,,,,
"Santander, Anthony","623993","2025",,,,,,,,,59,,,,,,48,15,,,,
"Vientos, Mark","668901","2025",41,37,53,59,25,58,72,82,59,89,28,29,6,19,56,19,6,36,54,18
"Cowser, Colton","681297","2025",19,1,40,72,3,38,88,70,87,64,1,40,2,78,93,49,62,,,
"Alcántara, Kevin","682634","2025",,,,,,,,,24,,,,,,,10,,,,
"Jensen, Carter","695600","2025",,,,,,,,,82,,,,,,,52,,,,
"Yelich, Christian","592885","2025",69,51,68,70,66,72,62,55,86,66,20,71,21,65,19,71,,67,29,28
"Toglia, Michael","669911","2025",,,,,,,,,71,,,,,,3,38,2,61,1,18
"Fermín, José","665877","2025",,,,,,,,,15,,,,,,,42,,,,
"Lugo, Matthew","683090","2025",,,,,,,,,32,,,,,,90,95,,,,
"Garcia, Maikel","672580","2025",68,90,52,32,79,42,21,79,57,59,93,62,92,91,79,63,98,45,98,48
"Moore, Dylan","664238","2025",,,,,,,,,38,,,,,,35,57,12,,,
"Lee, Brooks","686797","2025",9,17,20,25,8,30,22,28,57,28,74,21,52,25,28,19,14,15,75,59
"Murphy, Sean","669221","2025",,,,,,,,,92,,,,,,,4,,,,
"Quero, Edgar","700337","2025",11,20,11,13,28,8,10,59,51,66,72,46,72,97,,5,,4,95,94
"Winker, Jesse","608385","2025",,,,,,,,,46,,,,,,,13,,,,
"Abreu, Wilyer","677800","2025",69,37,80,88,39,54,77,66,73,59,32,67,52,42,97,54,95,80,17,69
"Díaz, Elias","553869","2025",,,,,,,,,71,,,,,,,5,,,,
"Smith, Pavin","656976","2025",,,,,,,,,64,,,,,,15,23,,,,
"Sánchez, Gary","596142","2025",,,,,,,,,73,,,,,,,3,,,,
"Wood, James","695578","2025",86,66,84,85,88,93,94,98,99,98,2,89,5,74,61,61,6,95,32,13
"Refsnyder, Rob","608701","2025",,,,,,,,,78,,,,,,84,31,,,,
"Carpenter, Kerry","681481","2025",70,56,89,89,21,70,78,82,48,71,40,2,36,15,72,40,,45,79,28
"Smith, Will","669257","2025",94,83,85,81,96,54,76,79,55,75,53,96,66,96,,44,,18,74,48
"Rocchio, Brayan","677587","2025",12,30,12,14,25,6,9,20,49,18,55,18,52,31,40,39,16,20,68,48
"Allen, Nick","669397","2025",1,5,1,1,4,1,1,2,11,2,35,40,68,64,52,49,99,,,
"Canzone, Dominic","686527","2025",,,,,,,,,96,,,,,,91,29,,,,
"Brennan, Will","686823","2025",,,,,,,,,7,,,,,,,39,,,,
"Clement, Ernie","676391","2025",9,58,14,8,19,9,6,8,41,2,97,6,94,9,25,82,98,5,97,77
"Rodríguez, Endy","682848","2025",,,,,,,,,18,,,,,,,43,,,,
"Caissie, Owen","683357","2025",,,,,,,,,90,,,,,,,64,,,,
"Conforto, Michael","624424","2025",64,25,45,55,75,42,56,48,83,53,26,84,45,82,68,18,5,77,10,48
"Arias, Gabriel","672356","2025",11,5,29,52,2,48,70,55,83,49,1,18,1,6,94,41,84,89,1,18
"Schanuel, Nolan","694384","2025",52,66,29,20,84,20,13,16,51,6,93,74,92,76,12,18,26,4,93,94
"Anderson, Tim","641313","2025",,,,,,,,,10,,,,,,51,62,,,,
"Marsh, Brandon","669016","2025",65,77,62,50,65,30,44,75,67,66,20,58,60,42,79,73,71,40,61,69
"Hampson, Garrett","641658","2025",,,,,,,,,3,,,,,,11,87,,,,
"Keaschall, Luke","807712","2025",,,,,,,,,45,,,,,,6,85,,,,
"Ramos, Heliot","671218","2025",46,41,48,52,46,70,47,87,97,76,41,40,42,38,59,51,3,77,45,90
"Isbel, Kyle","664728","2025",1,10,1,2,2,2,2,18,48,20,69,16,84,46,42,61,98,,,
"Hassell III, Robert","690987","2025",,,,,,,,,43,,,,,,77,70,,,,
"Schneider, Davis","676914","2025",,,,,,,,,35,,,,,,44,55,,,,
"Taylor, Chris","621035","2025",,,,,,,,,41,,,,,,70,61,,,,
"Wong, Connor","657136","2025",,,,,,,,,72,,,,,,,65,,,,
"Lowe, Nathaniel","663993","2025",27,14,24,29,35,37,33,35,73,41,18,72,47,76,12,22,10,61,13,59
"Wagner, Will","695238","2025",,,,,,,,,42,,,,,,,37,,,,
"Gonzales, Nick","693304","2025",13,58,20,15,23,13,13,30,52,30,70,12,47,26,27,87,87,22,68,28
"Ramos, Bryan","682868","2025",,,,,,,,,7,,,,,,,61,,,,
"Halpin, Petey","690984","2025",,,,,,,,,1,,,,,,,83,,,,
"Marte, Starling","516782","2025",,,,,,,,,66,,,,,,,28,,,,
"Joe, Connor","656582","2025",,,,,,,,,85,,,,,,,38,,,,
"Nola, Austin","543592","2025",,,,,,,,,25,,,,,,,13,,,,
"Taveras, Leody","665750","2025",,,,,,,,,68,,,,,,92,86,,,,
"Haase, Eric","606992","2025",,,,,,,,,41,,,,,,,74,,,,
"Mountcastle, Ryan","663624","2025",38,61,57,54,21,38,74,64,97,75,10,3,8,5,1,55,,89,4,28
"Elko, Tim","671284","2025",,,,,,,,,67,,,,,,,61,,,,
"Myers, Dane","667472","2025",,,,,,,,,32,,,,,,97,76,75,,,
"Ritter, Ryan","690022","2025",,,,,,,,,35,,,,,,17,93,75,,,
"Morel, Christopher","666624","2025",,,,,,,,,95,,,,,,93,66,,,,
"Witt Jr., Bobby","677951","2025",90,96,91,79,86,93,78,95,98,81,68,35,54,32,73,100,100,82,65,77
"Gorski, Matt","685301","2025",,,,,,,,,94,,,,,,,83,,,,
"Fitzgerald, Tyler","666149","2025",,,,,,,,,22,,,,,,11,97,47,,,
"Larnach, Trevor","663616","2025",34,40,33,34,44,38,34,70,85,62,49,62,16,52,48,19,,50,65,48
"Bouchard, Sean","656248","2025",,,,,,,,,25,,,,,,,35,,,,
"Benson, Will","666181","2025",,,,,,,,,71,,,,,,75,94,50,,,
"Duran, Ezequiel","677649","2025",,,,,,,,,43,,,,,,70,87,80,,,
"Hernaiz, Darell","687231","2025",,,,,,,,,45,,,,,,19,72,,,,
"Tromp, Chadwick","644433","2025",,,,,,,,,13,,,,,,,1,,,,
"Alfaro, Jorge","595751","2025",,,,,,,,,85,,,,,,,72,,,,
"Lopez, Otto","672640","2025",62,80,59,44,61,52,34,26,68,26,90,39,81,40,48,81,96,43,90,90
"Volpe, Anthony","683011","2025",26,12,39,58,9,72,64,39,60,43,24,36,43,76,33,75,8,58,48,59
"Tauchman, Mike","643565","2025",38,32,24,22,72,18,30,35,67,30,45,84,50,78,49,4,47,12,44,59
"Fortes, Nick","663743","2025",,,,,,,,,70,,,,,,,33,,,,
"Noda, Ryan","676116","2025",,,,,,,,,39,,,,,,,15,,,,
"Machado, Manny","592518","2025",86,86,88,82,70,93,81,93,93,92,61,48,37,37,63,13,8,83,59,7
"Amador, Adael","691182","2025",,,,,,,,,9,,,,,,3,26,,,,
"Jackson, Alex","656577","2025",,,,,,,,,39,,,,,,,54,,,,
"Barger, Addison","680718","2025",65,64,74,73,41,65,70,86,97,91,32,36,37,30,99,56,15,93,26,13
"Diaz, Yainer","673237","2025",62,80,78,74,24,74,55,48,72,45,77,2,58,1,,46,,50,67,48
"Riley, Austin","663586","2025",59,41,74,80,23,75,92,91,89,88,7,22,18,50,42,73,36,93,7,18
"Ruiz, Keibert","660688","2025",,,,,,,,,59,,,,,,,3,,,,
"Rortvedt, Ben","666163","2025",,,,,,,,,10,,,,,,,14,,,,
"Wallner, Matt","670242","2025",57,2,60,85,38,48,85,72,88,61,6,84,1,46,99,33,17,96,1,40
"Barrero, José","676480","2025",,,,,,,,,12,,,,,,,34,,,,
"Winkler, Jack","676466","2025",,,,,,,,,7,,,,,,,59,,,,
"Fraley, Jake","641584","2025",,,,,,,,,36,,,,,,86,77,,,,
"Fulford, Braxton","690924","2025",,,,,,,,,82,,,,,,,91,,,,
"Crawford, J.P.","641487","2025",57,72,28,16,86,29,16,12,55,16,66,82,76,88,20,32,1,34,33,59
"Rojas, Miguel","500743","2025",,,,,,,,,43,,,,,,19,16,91,,,
"Kwan, Steven","680757","2025",29,80,17,8,64,8,4,7,11,1,99,46,100,83,68,46,91,1,99,99
"Karros, Kyle","691720","2025",,,,,,,,,26,,,,,,38,51,,,,
"Donovan, Brendan","680977","2025",78,94,66,46,84,56,47,46,49,40,92,50,95,69,66,27,41,13,96,90
"Feduccia, Hunter","676439","2025",,,,,,,,,39,,,,,,,22,,,,
"Simpson, Chandler","802415","2025",13,96,7,1,55,1,1,1,27,1,98,4,98,38,59,97,11,,,
"Marsee, Jakob","805300","2025",,,,,,,,,67,,,,,,75,68,,,,
"Vivas, Jorbit","678391","2025",,,,,,,,,22,,,,,,,24,,,,
"Rosario, Amed","642708","2025",,,,,,,,,64,,,,,,51,48,,,,
"Palacios, Richie","680700","2025",,,,,,,,,8,,,,,,,31,,,,
"Dunn, Oliver","686554","2025",,,,,,,,,43,,,,,,,60,,,,
"Amaya, Jacob","676070","2025",,,,,,,,,31,,,,,,29,55,,,,
"Herrera, Iván","671056","2025",92,89,85,78,93,54,67,78,84,79,68,64,59,69,,23,,83,47,7
"Jones, Nolan","666134","2025",24,12,23,32,34,27,46,66,82,70,8,69,27,55,99,53,10,61,17,84
"Stott, Bryson","681082","2025",32,37,30,29,41,27,19,16,62,8,80,67,88,81,27,85,93,14,74,59
"Caballero, José","676609","2025",16,6,4,14,50,11,23,6,92,9,14,90,34,46,74,75,90,,,
"Burger, Jake","669394","2025",52,45,78,83,6,59,86,59,93,81,28,1,21,4,15,64,32,85,23,40
"McCormick, Chas","676801","2025",,,,,,,,,19,,,,,,55,24,,,,
"Freeman, Cody","683227","2025",,,,,,,,,11,,,,,,18,52,,,,
"Taylor, Tyrone","621438","2025",19,61,18,11,37,6,12,8,48,18,45,7,62,34,82,94,85,,,
"Acuña Jr., Ronald","660670","2025",97,73,95,95,99,59,93,92,95,94,28,99,15,82,98,63,2,96,7,18
"Suárez, Eugenio","553993","2025",38,3,70,91,6,90,89,55,88,78,5,34,4,30,39,25,14,52,19,7
"Judge, Aaron","592450","2025",100,100,100,100,100,100,100,100,99,99,36,100,2,84,85,42,83,97,26,2
"Barrosa, Jorge","678489","2025",,,,,,,,,31,,,,,,28,87,,,,
"Encarnacion-Strand, Christian","687952","2025",,,,,,,,,71,,,,,,,51,,,,
"Casas, Triston","671213","2025",,,,,,,,,64,,,,,,8,3,,,,
"Meadows, Parker","678009","2025",,,,,,,,,45,,,,,,64,90,,,,
"Andujar, Miguel","609280","2025",22,66,28,18,25,11,15,20,71,18,87,10,86,10,94,36,,,,
"Peña, Jeremy","665161","2025",67,83,60,44,68,52,42,33,52,48,76,28,31,11,29,97,94,52,87,18
"Paredes, Isaac","670623","2025",43,18,27,32,67,20,27,14,25,14,74,83,89,90,20,12,19,10,59,3
"Rooker, Brent","667670","2025",84,73,87,84,74,94,84,64,85,58,46,62,12,60,62,51,,71,35,69
"Dezenzo, Zach","701305","2025",,,,,,,,,64,,,,,,75,70,,,,
"Hedges, Austin","595978","2025",,,,,,,,,38,,,,,,,5,,,,
"Sabol, Blake","666165","2025",,,,,,,,,15,,,,,,,47,,,,
"Tatis Jr., Fernando","665487","2025",92,88,85,80,94,86,66,95,86,93,66,90,32,73,99,83,94,77,69,48
"Bell, Josh","605137","2025",88,68,82,81,82,80,75,59,90,73,79,76,56,55,1,7,,65,64,3
"Martini, Nick","605361","2025",,,,,,,,,16,,,,,,,48,,,,
"Edman, Tommy","669242","2025",45,80,42,26,44,11,13,24,38,34,81,10,78,46,40,77,94,,,
"Call, Alex","669743","2025",,,,,,,,,52,,,,,,79,62,63,,,
"O'Neill, Tyler","641933","2025",,,,,,,,,87,,,,,,90,73,,,,
"Cortes, Carlos","666126","2025",,,,,,,,,63,,,,,,,29,,,,
"Dunn, Blake","694362","2025",,,,,,,,,54,,,,,,49,97,,,,
"Bichette, Bo","666182","2025",84,99,79,55,80,65,41,72,79,83,86,28,83,12,36,21,1,12,74,48
"Keirsey Jr., DaShawn","680577","2025",,,,,,,,,42,,,,,,71,81,,,,
"Lee, Jung Hoo","808982","2025",41,88,26,11,72,19,10,10,24,11,95,42,95,84,91,70,11,7,96,28
"Steer, Spencer","668715","2025",13,7,18,29,21,42,37,14,35,14,41,59,44,71,6,66,85,29,25,40
"Bailey, Patrick","672275","2025",2,2,4,16,1,15,21,23,51,22,6,30,24,42,,12,,41,25,48
"Massey, Michael","686681","2025",,,,,,,,,36,,,,,,15,17,70,,,
"Toro, Abraham","647351","2025",,,,,,,,,47,,,,,,27,62,18,,,
"Sánchez, Ali","645305","2025",,,,,,,,,13,,,,,,,8,,,,
"Crim, Blaine","688760","2025",,,,,,,,,71,,,,,,,21,,,,
"Senger, Hayden","663584","2025",,,,,,,,,34,,,,,,,27,,,,
"Thomas, Colby","687515","2025",,,,,,,,,95,,,,,,96,82,,,,
"Winn, Masyn","691026","2025",8,23,11,11,19,20,16,24,54,16,64,26,79,63,88,77,100,34,49,28
"Tucker, Kyle","663656","2025",92,86,83,78,96,77,65,53,39,38,85,96,76,98,58,26,25,47,83,18
"Newman, Kevin","621028","2025",,,,,,,,,15,,,,,,22,38,,,,
"Kepler, Max","596146","2025",62,41,62,66,59,62,73,66,74,57,58,72,57,58,45,37,44,39,79,40
"Aranda, Jonathan","666018","2025",95,97,92,83,94,54,80,94,71,96,23,69,45,49,9,15,67,22,40,48
"Kim, Ha-Seong","673490","2025",,,,,,,,,36,,,,,,45,53,,,,
"Arcia, Orlando","606115","2025",,,,,,,,,31,,,,,,56,10,79,,,
"Martínez, Angel","682657","2025",1,5,2,9,1,9,9,10,25,7,41,7,70,4,96,57,13,21,37,40
"Mead, Curtis","678554","2025",,,,,,,,,66,,,,,,10,36,,,,
"Greene, Riley","682985","2025",70,32,90,93,23,97,95,48,94,61,4,34,12,29,47,31,76,92,1,48
"Harris, Dustin","687957","2025",,,,,,,,,19,,,,,,,92,,,,
"House, Brady","691781","2025",,,,,,,,,72,,,,,,79,61,78,,,
"Chapman, Matt","656305","2025",74,41,55,59,87,52,59,90,86,78,36,94,42,94,74,69,87,87,23,28
"Ibáñez, Andy","628451","2025",,,,,,,,,41,,,,,,7,52,,,,
"Díaz, Yandy","650490","2025",83,94,72,52,90,70,44,94,87,94,88,56,85,76,3,20,,71,87,18
"Baldwin, Drake","686948","2025",82,86,80,75,76,59,67,86,80,85,84,51,80,44,,19,,91,50,59
"Jackson, Jeremiah","669236","2025",,,,,,,,,60,,,,,,90,52,,,,
"Altuve, Jose","514888","2025",20,23,28,29,29,46,25,4,61,10,78,51,74,5,23,36,13,18,51,18
"Mayer, Marcelo","691785","2025",,,,,,,,,39,,,,,,26,50,,,,
"Pereda, Jhonny","640902","2025",,,,,,,,,61,,,,,,,5,,,,
"Farmer, Kyle","571657","2025",,,,,,,,,16,,,,,,10,22,11,,,
"Domínguez, Jasson","691176","2025",27,19,20,22,38,20,33,63,77,85,14,67,31,31,92,84,2,80,13,7
"Castro, Willi","650489","2025",24,17,17,21,41,20,28,9,75,25,30,56,26,24,86,72,4,41,8,59
"Kjerstad, Heston","677008","2025",,,,,,,,,21,,,,,,61,58,,,,
"Chisholm Jr., Jazz","665862","2025",80,23,84,92,59,82,91,35,78,49,8,78,7,59,35,55,90,75,9,7
"Rafaela, Ceddanne","678882","2025",29,37,44,50,12,66,52,24,77,29,56,7,34,2,97,92,99,31,39,28
"Rave, John","670231","2025",,,,,,,,,48,,,,,,57,88,,,,
"Waters, Drew","671221","2025",,,,,,,,,56,,,,,,70,54,,,,
"Mullins, Cedric","656775","2025",8,2,10,24,18,24,25,30,35,19,32,71,60,58,45,77,87,34,25,28
"Matthews, Brice","694728","2025",,,,,,,,,39,,,,,,,86,,,,
"Albies, Ozzie","645277","2025",17,26,19,18,31,34,17,16,52,10,88,50,73,17,2,44,14,10,74,59
"Schwarber, Kyle","656941","2025",98,56,99,99,95,99,99,98,98,100,11,97,5,90,,14,,98,23,28
"Tena, José","677588","2025",,,,,,,,,36,,,,,,64,58,,,,
"Freeman, Freddie","518692","2025",79,74,75,68,78,77,63,70,90,62,53,67,30,46,17,9,17,19,57,84
"DeLuca, Jonny","676356","2025",,,,,,,,,19,,,,,,73,96,,,,
"Guzman, Denzer","694203","2025",,,,,,,,,18,,,,,,,47,,,,
"Pérez, Wenceel","672761","2025",34,34,34,36,34,30,47,58,51,35,41,48,38,19,77,60,79,22,70,77
"Valdez, Enmanuel","665839","2025",,,,,,,,,36,,,,,,,21,,,,
"Moreno, Gabriel","672515","2025",,,,,,,,,57,,,,,,,40,,,,
"Simon, Ronny","682927","2025",,,,,,,,,41,,,,,,,85,,,,
"Capra, Vinny","681962","2025",,,,,,,,,10,,,,,,24,74,,,,
"Seigler, Anthony","678011","2025",,,,,,,,,9,,,,,,,32,,,,
"Conine, Griffin","665052","2025",,,,,,,,,98,,,,,,83,56,,,,
"Frazier, Adam","624428","2025",4,30,5,4,19,4,4,4,12,1,72,18,79,40,30,29,61,2,61,84
"Solano, Donovan","456781","2025",,,,,,,,,20,,,,,,3,6,,,,
"Pozo, Yohel","650968","2025",,,,,,,,,42,,,,,,,4,,,,
"Mervis, Matt","670223","2025",,,,,,,,,34,,,,,,25,7,,,,
"Soto, Juan","665742","2025",100,97,99,99,100,98,97,98,94,97,62,100,65,100,66,13,1,71,94,77
"Adell, Jo","666176","2025",90,72,96,96,46,94,96,86,96,87,16,20,25,20,49,63,1,99,6,13
"India, Jonathan","663697","2025",36,26,26,25,62,30,22,19,63,22,66,64,77,97,27,71,1,47,65,48
"Lewis, Royce","668904","2025",20,34,36,38,10,35,47,48,87,36,56,24,34,28,44,34,73,71,45,3
"Ramírez, José","608070","2025",74,94,66,43,91,59,33,33,72,24,96,70,93,44,43,78,93,29,85,59
"Fletcher, Dominic","666150","2025",,,,,,,,,15,,,,,,,10,,,,
"Story, Trevor","596115","2025",32,45,45,48,18,74,58,82,73,73,12,10,20,12,36,82,3,34,17,40
"Arraez, Luis","650333","2025",17,92,14,2,43,4,1,6,29,1,100,10,100,15,26,25,4,1,100,100
"Davidson, Logan","669722","2025",,,,,,,,,41,,,,,,,45,,,,
"Miller, Owen","680911","2025",,,,,,,,,21,,,,,,,99,,,,
"Ozuna, Marcell","542303","2025",82,30,67,77,91,66,70,48,77,56,30,98,40,85,,9,,64,32,59
"Matos, Luis","682641","2025",,,,,,,,,72,,,,,,95,49,,,,
"Lowe, Brandon","664040","2025",70,58,82,84,33,81,81,75,81,69,12,32,4,22,14,36,1,75,10,59
"Wade, Tyler","642180","2025",,,,,,,,,4,,,,,,18,69,,,,
"Montgomery, Colson","695657","2025",,,,,,,,,92,,,,,,33,47,92,,,
"Kim, Hyeseong","808975","2025",,,,,,,,,15,,,,,,51,85,,,,
"Trout, Mike","545361","2025",86,25,79,88,92,77,93,70,95,85,2,98,16,92,74,62,,77,6,28
"Bernabel, Warming","682653","2025",,,,,,,,,32,,,,,,33,79,,,,
"Lee, Korey","686676","2025",,,,,,,,,17,,,,,,,54,,,,
"De La Cruz, Elly","682829","2025",46,51,51,52,58,80,60,72,98,54,20,67,9,46,93,91,23,83,33,59
"Contreras, William","661388","2025",62,58,34,28,87,42,28,75,90,81,68,90,51,67,,20,,66,75,69
"McMahon, Ryan","641857","2025",52,9,53,74,43,65,76,95,87,89,2,87,2,69,58,31,92,77,10,40
"Turner, Justin","457759","2025",,,,,,,,,31,,,,,,5,8,,,,
"Polanco, Jorge","593871","2025",73,76,71,63,63,70,62,66,75,63,83,48,59,54,20,37,,36,89,59
"Acosta, Maximo","691185","2025",,,,,,,,,31,,,,,,,87,,,,
"Alvarez, Francisco","682626","2025",,,,,,,,,94,,,,,,,17,,,,
"Devers, Rafael","646240","2025",90,45,84,89,93,96,94,97,92,97,17,98,10,66,17,6,,41,15,18
"Jeffers, Ryan","680777","2025",49,40,34,35,72,24,27,39,66,44,58,78,72,73,,14,,,,
"Montes, Coco","663796","2025",,,,,,,,,14,,,,,,,11,,,,
"Hays, Austin","669720","2025",26,21,40,50,14,42,63,30,45,28,22,34,10,14,88,54,,45,19,69
"Guillorme, Luis","641645","2025",,,,,,,,,8,,,,,,,1,,,,
"Escarra, J.C.","641555","2025",,,,,,,,,23,,,,,,,14,,,,
"Durbin, Caleb","702332","2025",31,51,17,12,63,15,12,4,41,4,98,21,96,72,29,70,76,6,95,90
"McCusker, Carson","676812","2025",,,,,,,,,31,,,,,,,73,,,,
"Westburg, Jordan","676059","2025",52,54,69,70,25,38,69,55,74,50,41,7,19,59,33,89,81,,,
"Robertson, Will","683770","2025",,,,,,,,,47,,,,,,47,63,,,,
"Tawa, Tim","694374","2025",,,,,,,,,66,,,,,,25,72,,,,
"Cole, Zach","805904","2025",,,,,,,,,91,,,,,,,83,,,,
"Martin, Austin","668885","2025",,,,,,,,,21,,,,,,55,74,,,,
"Langeliers, Shea","669127","2025",60,56,73,76,31,72,67,66,92,58,57,32,43,22,,81,,74,40,59
"Gurriel, Yuli","493329","2025",,,,,,,,,30,,,,,,,33,,,,
"Loftin, Nick","679845","2025",,,,,,,,,14,,,,,,67,76,,,,
"Yoshida, Masataka","807799","2025",,,,,,,,,79,,,,,,,25,,,,
"Bogaerts, Xander","593428","2025",57,77,44,29,72,38,32,35,78,33,76,54,70,79,31,55,94,50,78,48
"Maile, Luke","571912","2025",,,,,,,,,17,,,,,,,1,,,,
"Sweeney, Trey","700242","2025",,,,,,,,,63,,,,,,15,78,10,,,
"Ornelas, Tirso","672359","2025",,,,,,,,,25,,,,,,,35,,,,
"LeMahieu, DJ","518934","2025",,,,,,,,,30,,,,,,7,11,,,,
"Wagaman, Eric","676572","2025",43,70,52,43,34,35,30,72,92,68,60,24,51,64,13,37,24,67,82,69
"Seager, Corey","608369","2025",98,95,98,97,98,77,92,93,79,95,58,93,27,83,23,8,86,58,55,94
"Hinds, Rece","677956","2025",,,,,,,,,70,,,,,,,98,,,,
"Crooks, Jimmy","699625","2025",,,,,,,,,21,,,,,,,28,,,,
"Vázquez, Luis","676679","2025",,,,,,,,,24,,,,,,,63,,,,
"Trammell, Taylor","666211","2025",,,,,,,,,78,,,,,,44,71,,,,
"Goldschmidt, Paul","502671","2025",55,72,62,55,44,48,41,59,68,51,66,30,76,54,1,20,21,58,70,18
"Bohm, Alec","664761","2025",49,88,44,26,58,32,25,66,49,66,80,20,93,60,32,27,35,43,93,48
"Fry, David","681807","2025",,,,,,,,,29,,,,,,,30,,,,
"Ruiz, Esteury","665923","2025",,,,,,,,,21,,,,,,,58,,,,
"Ward, Taylor","621493","2025",65,19,68,80,48,90,84,53,66,47,16,82,55,92,51,46,57,15,77,69
"Maldonado, Martín","455117","2025",,,,,,,,,26,,,,,,,1,,,,
"d'Arnaud, Travis","518595","2025",,,,,,,,,18,,,,,,,24,,,,
"Freeland, Alex","690976","2025",,,,,,,,,24,,,,,,52,23,,,,
"Mauricio, Ronny","677595","2025",,,,,,,,,70,,,,,,76,13,,,,
"Lopez, Nicky","670032","2025",,,,,,,,,12,,,,,,,46,,,,
"Stanton, Giancarlo","519317","2025",,,,,,,,,99,,,,,,,1,,,,
"McCray, Grant","687529","2025",,,,,,,,,29,,,,,,,95,,,,
"Bart, Joey","663698","2025",,,,,,,,,84,,,,,,,29,,,,
"Verdugo, Alex","657077","2025",,,,,,,,,28,,,,,,87,19,,,,
"Biggio, Cavan","624415","2025",,,,,,,,,10,,,,,,,68,,,,
"Gilbert, Drew","687551","2025",,,,,,,,,51,,,,,,84,57,,,,
"Mateo, Jorge","622761","2025",,,,,,,,,28,,,,,,,94,,,,
"Hernández, Heriberto","681715","2025",,,,,,,,,83,,,,,,62,84,,,,
"Naylor, Bo","666310","2025",16,1,24,48,15,35,56,45,61,26,34,78,66,66,,53,,55,26,7
"Happ, Ian","664023","2025",83,63,71,69,90,75,63,50,76,54,40,93,48,91,53,48,49,43,44,84
"Nimmo, Brandon","607043","2025",47,54,50,48,43,66,47,88,79,88,48,44,55,74,48,46,43,52,57,59
"Workman, Gage","669398","2025",,,,,,,,,16,,,,,,,52,,,,
"Pereira, Everson","677592","2025",,,,,,,,,63,,,,,,,75,,,,
"Teodosio, Bryce","669326","2025",,,,,,,,,55,,,,,,79,98,,,,
"Robles, Victor","645302","2025",,,,,,,,,81,,,,,,96,68,,,,
"Baldwin, Brooks","681460","2025",,,,,,,,,56,,,,,,55,83,2,,,
"Villar, David","681584","2025",,,,,,,,,36,,,,,,,23,,,,
"Basallo, Samuel","694212","2025",,,,,,,,,77,,,,,,,12,,,,
"Báez, Javier","595879","2025",2,13,16,22,1,18,20,23,54,34,26,1,13,1,81,49,89,70,15,1
"Salazar, César","663967","2025",,,,,,,,,3,,,,,,,1,,,,
"Walker, Christian","572233","2025",36,20,58,66,19,87,81,70,85,65,9,26,14,48,4,22,79,80,10,28
"Rushing, Dalton","687221","2025",,,,,,,,,76,,,,,,,58,,,,
"Rogers, Jake","668670","2025",,,,,,,,,45,,,,,,,33,,,,
"Ramírez, Agustín","682663","2025",62,68,68,63,41,81,67,66,98,73,61,24,41,24,,31,,89,39,28
"Hamilton, David","666152","2025",,,,,,,,,32,,,,,,37,95,73,,,
"Osuna, Alejandro","696030","2025",,,,,,,,,56,,,,,,72,80,,,,
"Urías, Ramón","602104","2025",13,14,25,31,8,29,42,38,47,43,44,32,36,52,20,41,88,,,
"Suzuki, Seiya","673548","2025",85,54,88,90,68,97,95,79,97,82,24,78,54,93,87,74,,67,59,59
"Roden, Alan","702176","2025",,,,,,,,,27,,,,,,80,62,,,,
"Sosa, Lenyn","672820","2025",60,74,77,73,21,70,63,64,72,52,39,1,57,3,22,31,20,58,61,40
"Campbell, Kristian","692225","2025",,,,,,,,,78,,,,,,15,44,4,,,
"Nido, Tomás","621512","2025",,,,,,,,,14,,,,,,,6,,,,
"Clarke, Denzel","672016","2025",,,,,,,,,86,,,,,,64,97,98,,,
"Jankowski, Travis","608671","2025",,,,,,,,,24,,,,,,,94,,,,
"Harris, Brett","695391","2025",,,,,,,,,21,,,,,,,58,,,,
"Giménez, Andrés","665926","2025",29,48,16,13,50,5,8,8,20,5,70,31,55,14,47,64,97,13,37,69
"France, Ty","664034","2025",59,64,53,46,58,38,38,43,60,54,76,4,70,28,1,6,96,31,69,40
"Fernández, Yanquiel","692585","2025",,,,,,,,,57,,,,,,100,9,,,,
"Norby, Connor","681393","2025",,,,,,,,,42,,,,,,53,86,15,,,
"Bleday, JJ","668709","2025",5,1,12,34,6,18,40,29,52,29,14,74,16,70,81,43,5,,,
"Heim, Jonah","641680","2025",4,7,9,17,4,20,24,22,49,19,54,39,51,37,,8,,10,64,28
"Perez, Salvador","521692","2025",85,80,94,93,39,98,91,50,93,70,60,3,33,2,2,3,,64,40,5
"Schunk, Aaron","668845","2025",,,,,,,,,6,,,,,,,45,,,,
"Hill, Derek","656537","2025",,,,,,,,,79,,,,,,66,99,,,,
"Church, Nathan","701675","2025",,,,,,,,,22,,,,,,92,84,,,,
"Triolo, Jared","669707","2025",36,28,30,32,50,15,25,35,41,26,55,74,52,73,47,86,92,,,
"Smith, Cam","701358","2025",26,19,23,26,35,27,32,19,89,40,8,54,24,39,88,95,71,83,3,48
"Muncy, Max","571970","2025",95,34,92,94,95,51,84,79,60,92,50,99,57,94,49,42,9,,,
"Mesa Jr., Victor","683748","2025",,,,,,,,,17,,,,,,,37,,,,
"Brown, Seth","664913","2025",,,,,,,,,75,,,,,,12,57,,,,
"Chaparro, Andrés","665953","2025",,,,,,,,,61,,,,,,,5,,,,
"Barnes, Austin","605131","2025",,,,,,,,,14,,,,,,,11,,,,
"Crow-Armstrong, Pete","691718","2025",55,44,81,87,10,91,82,43,85,42,33,4,23,2,94,96,100,61,19,59
"Paris, Kyren","677347","2025",,,,,,,,,39,,,,,,80,90,,,,
"Gelof, Zack","680869","2025",,,,,,,,,22,,,,,,9,67,,,,
"Handley, Maverick","668974","2025",,,,,,,,,13,,,,,,,44,,,,
"Frelick, Sal","686217","2025",20,56,10,5,55,13,8,5,43,4,92,46,96,60,66,87,92,7,84,69
"Schneemann, Daniel","682177","2025",23,7,33,55,15,46,70,33,68,42,9,59,18,63,95,63,95,29,43,77
"Ornelas, Jonathan","680716","2025",,,,,,,,,5,,,,,,,26,,,,
"Adams, Riley","656180","2025",,,,,,,,,95,,,,,,,27,,,,
"Bride, Jonah","681146","2025",,,,,,,,,11,,,,,,,34,,,,
"Bryant, Kris","592178","2025",,,,,,,,,8,,,,,,,13,,,,
"Wells, Austin","669224","2025",17,4,37,61,3,46,60,63,75,60,17,30,29,41,,24,,67,18,18
"Langford, Wyatt","694671","2025",76,26,64,73,78,82,87,82,84,81,16,90,35,80,59,88,96,65,53,77
"Burleson, Alec","676475","2025",75,83,74,64,61,66,54,72,67,49,86,35,85,44,75,11,14,55,94,28
"Stallings, Jacob","607732","2025",,,,,,,,,11,,,,,,,1,,,,
"Correa, Carlos","621043","2025",68,90,60,40,68,42,30,61,81,64,61,44,65,44,56,26,62,74,44,59
"Alvarez, Yordan","670541","2025",,,,,,,,,95,,,,,,,21,,,,
"Turang, Brice","668930","2025",65,64,56,48,70,56,41,75,68,76,40,71,72,78,23,88,20,25,70,90
"Stowers, Kyle","669065","2025",94,79,96,94,87,87,98,75,87,94,10,74,6,50,88,43,22,88,10,94
"Wisely, Brett","689172","2025",,,,,,,,,17,,,,,,30,51,,,,
"Shaw, Matt","807713","2025",27,28,26,25,34,27,32,2,45,6,49,54,63,32,33,89,31,16,21,77
"Bliss, Ryan","669208","2025",,,,,,,,,10,,,,,,,78,,,,
"Fermin, Freddy","666023","2025",3,17,8,10,5,8,13,38,35,15,66,16,57,29,,41,,16,56,48
"Peguero, Liover","678894","2025",,,,,,,,,57,,,,,,43,93,,,,
"Friedl, TJ","670770","2025",22,14,2,7,72,11,7,10,27,12,77,86,87,98,40,32,71,20,88,94
"Dubón, Mauricio","643289","2025",4,37,3,4,14,1,2,1,63,3,97,22,90,12,87,65,99,,,
"Cabrera, Oswaldo","665828","2025",,,,,,,,,26,,,,,,,28,,,,
"Rivas, Leo","660844","2025",,,,,,,,,11,,,,,,13,62,,,,
"Cruz, Oneil","665833","2025",52,9,52,72,44,88,97,100,100,98,2,86,3,48,100,93,60,100,16,7
"Carroll, Corbin","682998","2025",93,73,94,94,82,92,90,89,96,87,35,74,46,26,62,98,97,86,29,48
"Meyers, Jake","676694","2025",52,80,37,22,70,13,18,22,59,31,72,48,71,79,16,71,96,,,
"Julien, Edouard","666397","2025",,,,,,,,,55,,,,,,14,50,,,,
"Raleigh, Cal","663728","2025",94,21,96,98,82,98,99,79,93,85,14,95,10,25,,17,,89,6,5
"Stewart, Sal","701398","2025",,,,,,,,,81,,,,,,,14,,,,
"Bader, Harrison","664056","2025",17,9,23,34,23,51,60,12,79,36,12,44,22,20,84,85,93,70,9,69
"Abrams, CJ","682928","2025",32,45,38,36,32,56,37,29,82,33,57,20,49,20,39,70,2,55,39,18
"Meidroth, Chase","805367","2025",13,45,3,3,55,4,2,23,23,20,88,58,96,84,23,41,80,4,99,94
"Smith, Dominic","642086","2025",,,,,,,,,50,,,,,,1,12,,,,
"Knizner, Andrew","668800","2025",,,,,,,,,32,,,,,,,16,,,,
"McKinney, Billy","641856","2025",,,,,,,,,6,,,,,,,35,,,,
"Heineman, Tyler","623168","2025",,,,,,,,,11,,,,,,,25,,,,
"Amaya, Miguel","665804","2025",,,,,,,,,32,,,,,,,16,,,,
"Locklear, Tyler","682988","2025",,,,,,,,,32,,,,,,6,39,,,,
"Navarreto, Brian","640459","2025",,,,,,,,,16,,,,,,,30,,,,
"McCann, James","543510","2025",,,,,,,,,57,,,,,,,25,,,,
"Pederson, Joc","592626","2025",,,,,,,,,87,,,,,,,7,,,,
"Torkelson, Spencer","679529","2025",69,14,73,86,55,88,83,55,60,59,19,81,33,84,2,32,35,65,28,7
"Wilson, Jacob","805779","2025",20,85,15,4,46,7,6,1,36,2,100,13,99,22,80,40,31,1,98,100
"Goodman, Hunter","696100","2025",49,41,73,79,17,85,80,66,97,72,17,18,8,8,,45,,83,15,48
"Trevino, Jose","624431","2025",,,,,,,,,30,,,,,,,2,,,,
"Sánchez, Jesús","660821","2025",52,40,62,68,35,62,69,79,93,50,46,51,39,32,80,40,42,93,26,84
"Buxton, Byron","621439","2025",82,50,93,95,41,92,96,92,90,96,11,42,11,40,77,100,81,88,22,5
"Kemp, Otto","805249","2025",,,,,,,,,68,,,,,,39,95,,,,
"Ballesteros, Moisés","694208","2025",,,,,,,,,83,,,,,,,17,,,,
"Haggerty, Sam","664059","2025",,,,,,,,,55,,,,,,58,88,,,,
"Thomas, Alek","677950","2025",11,32,22,20,8,34,40,45,61,34,19,4,24,13,40,75,60,36,48,77
"Reyes, Pablo","622569","2025",,,,,,,,,4,,,,,,,37,,,,
"Hoerner, Nico","663538","2025",44,95,29,8,75,11,6,9,32,8,99,22,99,20,7,82,98,9,96,59
"Bregman, Alex","608324","2025",68,56,56,52,78,32,29,53,49,54,88,73,92,95,36,18,84,31,97,69
"Dalbec, Bobby","666915","2025",,,,,,,,,23,,,,,,,49,,,,
"White, Eli","642201","2025",,,,,,,,,49,,,,,,82,99,,,,
"Malloy, Justyn-Henry","669234","2025",,,,,,,,,73,,,,,,,30,,,,
"Semien, Marcus","543760","2025",41,37,34,35,48,35,30,24,54,17,74,63,63,80,11,81,92,8,75,13
"Pasquantino, Vinnie","686469","2025",68,70,75,72,50,90,65,70,92,57,83,36,84,34,13,10,6,57,85,40
"Johnson, Bryce","669369","2025",,,,,,,,,21,,,,,,,80,,,,
"Hayes, Ke'Bryan","663647","2025",6,23,9,10,15,20,13,39,50,46,60,26,77,54,21,44,99,36,87,90
"Koss, Christian","683766","2025",,,,,,,,,32,,,,,,35,92,33,,,
"Young, Jared","676724","2025",,,,,,,,,23,,,,,,,59,,,,
"Guerrero Jr., Vladimir","665489","2025",96,100,91,71,99,92,76,88,100,90,90,87,68,90,38,30,28,97,81,18
"Marchán, Rafael","665561","2025",,,,,,,,,32,,,,,,,23,,,,
"Hernández, Enrique","571771","2025",,,,,,,,,66,,,,,,38,35,84,,,
"Campero, Gustavo","672569","2025",,,,,,,,,41,,,,,,86,91,,,,
"Arozarena, Randy","668227","2025",58,16,48,62,59,84,72,79,79,90,12,59,17,67,31,56,9,52,49,40
"Robert Jr., Luis","673357","2025",46,45,53,55,46,38,60,42,96,42,19,62,9,20,53,90,93,92,9,7
"Flores, Wilmer","527038","2025",6,9,6,15,12,15,16,6,38,4,64,38,73,41,,3,,1,70,84
"Helman, Michael","680737","2025",,,,,,,,,20,,,,,,75,96,,,,
"Hernández, Teoscar","606192","2025",47,50,66,68,15,75,72,55,80,65,29,7,8,36,63,66,2,65,39,7
"Perdomo, Geraldo","672695","2025",82,89,49,28,96,52,25,16,34,11,95,93,98,96,70,45,88,7,92,84
"Clase, Jonatan","682729","2025",,,,,,,,,32,,,,,,69,95,,,,
"Schuemann, Max","680474","2025",,,,,,,,,27,,,,,,31,73,95,,,
"Ohtani, Shohei","660271","2025",99,91,100,100,98,100,100,99,100,100,22,97,4,62,,67,,93,43,5
"Campusano, Luis","669134","2025",,,,,,,,,6,,,,,,,6,,,,
"Sosa, Edmundo","624641","2025",,,,,,,,,61,,,,,,30,96,89,,,
"Moncada, Yoán","660162","2025",,,,,,,,,83,,,,,,24,22,1,,,
"Pillar, Kevin","607680","2025",,,,,,,,,12,,,,,,,76,,,,
"Wade Jr., LaMonte","664774","2025",,,,,,,,,36,,,,,,72,17,,,,
"Williamson, Ben","810938","2025",,,,,,,,,59,,,,,,44,69,61,,,
"Merrill, Jackson","701538","2025",83,80,90,85,59,75,82,46,64,48,45,31,31,7,97,80,81,47,19,40
"García Jr., Luis","671277","2025",72,93,76,60,48,59,50,55,73,63,82,12,67,6,17,25,7,55,88,40
"Olson, Matt","621566","2025",88,54,85,88,84,94,89,95,90,95,30,89,36,70,10,7,95,75,17,28
"Rutschman, Adley","668939","2025",55,34,42,46,61,24,36,42,70,29,83,80,94,88,,32,,,,
"Wilson, Weston","642215","2025",,,,,,,,,42,,,,,,,70,,,,
"Thomas, Rhylan","689041","2025",,,,,,,,,6,,,,,,,13,,,,
"Harris II, Michael","671739","2025",37,77,60,48,14,77,51,55,90,50,56,1,49,1,77,79,95,82,35,3
"O'Hoppe, Logan","681351","2025",24,14,51,66,2,62,83,70,79,72,4,14,5,26,,46,,47,30,18
"Swanson, Dansby","621020","2025",77,76,82,78,54,85,74,61,46,80,19,38,14,67,20,79,86,29,51,40
"Urías, Luis","649966","2025",,,,,,,,,25,,,,,,15,18,9,,,
"Naylor, Josh","647304","2025",62,77,55,38,66,48,30,38,99,43,91,46,66,7,61,2,56,29,89,18
"Raley, Luke","670042","2025",,,,,,,,,91,,,,,,75,84,,,,
"Young, Cole","702284","2025",,,,,,,,,90,,,,,,4,59,4,,,
"Gonzalez, Romy","663853","2025",80,92,83,75,58,46,79,95,81,99,35,14,20,13,14,75,24,,,
"Fairchild, Stuart","656413","2025",,,,,,,,,13,,,,,,,86,,,,
"Walls, Taylor","670764","2025",,,,,,,,,11,,,,,,35,71,69,,,
"Pham, Tommy","502054","2025",45,48,36,33,68,24,29,84,79,76,52,81,61,95,66,45,23,67,79,77
"Vargas, Ildemaro","545121","2025",,,,,,,,,75,,,,,,5,47,,,,
"Butler, Lawrence","671732","2025",29,14,32,44,25,58,52,61,87,54,7,63,5,62,64,36,85,74,10,69
"Caminero, Junior","691406","2025",81,66,91,91,38,96,87,92,97,92,64,26,47,22,47,30,20,100,21,1
"Varsho, Daulton","662139","2025",,,,,,,,,89,,,,,,5,77,,,,
"Vaughn, Andrew","683734","2025",78,86,77,70,62,66,75,84,68,79,70,32,67,48,22,17,74,27,92,48
"Misner, Kameron","670224","2025",,,,,,,,,57,,,,,,85,76,,,,
"Peraza, Oswald","672724","2025",,,,,,,,,78,,,,,,81,93,78,,,
"Gasper, Mickey","681508","2025",,,,,,,,,36,,,,,,,34,,,,
"Anthony, Roman","701350","2025",,,,,,,,,87,,,,,,52,59,,,,
"Arenado, Nolan","571448","2025",9,34,18,16,21,13,12,10,35,12,96,28,85,16,43,10,81,40,77,1
"Encarnacion, Jerar","666464","2025",,,,,,,,,79,,,,,,,20,,,,
"Caratini, Victor","605170","2025",55,54,48,45,54,29,38,29,55,39,77,22,78,80,,2,,,,
"Ortiz, Joey","687401","2025",3,32,3,4,10,9,8,3,51,13,86,14,90,17,48,85,97,55,30,28
"Candelario, Jeimer","600869","2025",,,,,,,,,26,,,,,,,32,,,,
"Kelenic, Jarred","672284","2025",,,,,,,,,35,,,,,,90,19,,,,
"Canario, Alexander","672744","2025",,,,,,,,,77,,,,,,88,68,27,,,
"Kennedy, Buddy","671083","2025",,,,,,,,,27,,,,,,,84,,,,
"McCutchen, Andrew","457705","2025",65,63,46,38,84,46,44,43,56,46,50,88,36,92,,41,,34,33,13
"Realmuto, J.T.","592663","2025",37,53,42,38,38,52,47,50,59,61,38,28,50,22,,76,,48,30,28
"Tolbert, Tyler","686475","2025",,,,,,,,,17,,,,,,67,88,,,,
"Sheets, Gavin","657757","2025",70,71,67,62,63,59,54,48,74,68,58,48,61,27,61,38,,86,45,13
"Pagés, Pedro","686780","2025",1,2,8,21,1,20,35,20,73,22,10,9,28,9,,12,,58,4,69
"Siani, Michael","672279","2025",,,,,,,,,16,,,,,,,65,,,,
"Saggese, Thomas","695336","2025",,,,,,,,,52,,,,,,33,78,47,,,
"Hilliard, Sam","656541","2025",,,,,,,,,57,,,,,,,88,,,,
"Freeman, Tyler","671289","2025",41,83,16,6,81,4,5,53,49,38,94,46,97,63,94,80,1,39,90,84
"McKinstry, Zach","656716","2025",23,37,14,11,50,27,24,5,39,9,47,59,62,60,90,74,46,4,36,90
"Rodgers, Brendan","663898","2025",,,,,,,,,78,,,,,,18,24,,,,
"McNeil, Jeff","643446","2025",55,71,32,20,86,19,19,12,23,13,94,76,89,55,45,26,77,27,61,48
"Kirk, Alejandro","672386","2025",86,92,80,66,84,66,59,75,76,91,95,64,83,42,,2,,58,91,59
"Tellez, Rowdy","642133","2025",,,,,,,,,84,,,,,,4,1,16,,,
"Mastrobuoni, Miles","670156","2025",,,,,,,,,24,,,,,,59,80,,,,
"Kiner-Falefa, Isiah","643396","2025",2,30,1,1,4,2,2,1,19,5,77,2,91,22,22,47,45,2,84,84
"Jones, Jahmai","663330","2025",,,,,,,,,63,,,,,,,69,,,,
"Siri, Jose","642350","2025",,,,,,,,,13,,,,,,,79,,,,
"Loperfido, Joey","694388","2025",,,,,,,,,24,,,,,,27,80,,,,
"Rice, Ben","700250","2025",98,96,97,96,94,90,92,95,86,97,65,63,71,91,1,53,,67,89,40
"Nuñez, Nasim","683083","2025",,,,,,,,,38,,,,,,77,98,,,,
"Miranda, Jose","669304","2025",,,,,,,,,50,,,,,,,1,,,,
"Wilson, Will","669717","2025",,,,,,,,,14,,,,,,21,11,,,,
"Suwinski, Jack","669261","2025",,,,,,,,,60,,,,,,64,64,,,,
"Stevens, Chad","677060","2025",,,,,,,,,2,,,,,,,81,,,,
"Rodríguez, Johnathan","671286","2025",,,,,,,,,76,,,,,,,40,,,,
"Alonso, Pete","624413","2025",96,91,98,98,88,99,98,97,96,96,40,53,40,52,5,8,3,91,49,69
"Cronenworth, Jake","630105","2025",38,12,12,19,82,24,25,26,43,32,52,94,82,86,13,69,49,29,42,77
"Jiménez, Leo","677870","2025",,,,,,,,,35,,,,,,,35,,,,
"Canha, Mark","592192","2025",,,,,,,,,15,,,,,,48,60,,,,
"Veen, Zac","691728","2025",,,,,,,,,45,,,,,,,72,,,,
"Rojas, Josh","668942","2025",,,,,,,,,29,,,,,,55,21,7,,,
"Teel, Kyle","691019","2025",,,,,,,,,87,,,,,,,50,,,,
"Mayo, Coby","691723","2025",,,,,,,,,51,,,,,,12,64,,,,
"Clemens, Kody","665019","2025",64,37,75,81,35,48,75,84,51,80,32,40,54,50,13,64,86,50,61,48
"Garver, Mitch","641598","2025",,,,,,,,,39,,,,,,,15,,,,
"Neto, Zach","687263","2025",77,53,88,89,41,85,87,72,70,69,12,22,22,35,59,69,7,40,59,69
"Herrera, Jose","645444","2025",,,,,,,,,17,,,,,,,4,,,,
"Edwards, Xavier","669364","2025",12,61,4,1,46,1,1,10,42,8,88,46,98,55,7,75,77,3,91,98
"Monasterio, Andruw","655316","2025",,,,,,,,,55,,,,,,24,57,,,,
"Pauley, Graham","688363","2025",,,,,,,,,67,,,,,,32,27,93,,,
"Carlson, Dylan","666185","2025",,,,,,,,,31,,,,,,43,56,24,,,
"Doyle, Brenton","686668","2025",22,30,42,50,6,66,65,48,70,56,22,16,17,35,97,96,92,28,57,59
"Kreidler, Ryan","668952","2025",,,,,,,,,22,,,,,,,49,,,,
"Palacios, Joshua","641943","2025",,,,,,,,,57,,,,,,90,33,,,,
"Dingler, Dillon","693307","2025",81,98,77,59,77,46,52,50,62,62,38,9,46,35,,53,,43,55,13
"Mitchell, Garrett","669003","2025",,,,,,,,,63,,,,,,87,89,,,,
"Busch, Michael","683737","2025",95,74,97,97,81,96,95,90,75,76,38,64,43,82,7,26,37,16,79,77
"McCarthy, Jake","664983","2025",,,,,,,,,64,,,,,,23,99,,,,
"Laureano, Ramón","657656","2025",89,86,93,90,70,77,85,58,82,84,30,36,30,65,85,59,3,50,32,77
"Estrada, Thairo","642731","2025",,,,,,,,,63,,,,,,11,59,,,,
"Betts, Mookie","605141","2025",60,76,50,36,70,42,20,38,35,19,98,61,90,89,29,36,89,10,100,77
"Trejo, Alan","676701","2025",,,,,,,,,9,,,,,,53,23,,,,
"Young, Jacob","696285","2025",13,64,6,2,50,2,4,16,22,15,70,39,88,76,77,94,98,,,
"Yastrzemski, Mike","573262","2025",58,25,46,58,72,51,46,66,46,47,61,90,81,87,73,35,24,36,77,28
"Higashioka, Kyle","543309","2025",,,,,,,,,41,,,,,,,6,,,,
"Valera, George","671655","2025",,,,,,,,,67,,,,,,,18,,,,
"Alvarez Jr., Nacho","805373","2025",,,,,,,,,34,,,,,,30,33,75,,,
"Sanoja, Javier","691594","2025",5,47,7,6,18,2,3,26,24,17,94,16,97,32,54,67,59,,,
"Jung, Josh","673962","2025",27,41,43,45,12,42,42,39,68,70,24,14,41,18,43,28,89,22,51,77
"McCoy, Mason","669200","2025",,,,,,,,,10,,,,,,,89,,,,
"Torres, Gleyber","650402","2025",88,79,72,62,94,58,42,50,64,32,81,95,80,100,9,21,12,21,82,59
"Horwitz, Spencer","687462","2025",49,50,37,34,67,32,42,14,24,20,72,76,86,81,7,9,68,9,57,77
"Kelly, Carson","608348","2025",47,23,46,58,50,38,55,30,55,36,64,76,75,88,,16,,22,71,77
"Hummel, Cooper","669450","2025",,,,,,,,,75,,,,,,,74,,,,
"Collins, Isaac","686555","2025",38,34,12,12,84,13,17,30,68,31,51,90,63,98,55,58,83,61,37,94
"MacIver, Willie","680862","2025",,,,,,,,,39,,,,,,,51,,,,
"Thomas, Lane","657041","2025",,,,,,,,,61,,,,,,88,94,,,,
"Millas, Drew","686452","2025",,,,,,,,,18,,,,,,,47,,,,
"Crews, Dylan","686611","2025",,,,,,,,,67,,,,,,66,90,82,,,
"Perkins, Blake","663368","2025",,,,,,,,,17,,,,,,85,91,,,,
"Gorman, Nolan","669357","2025",19,1,32,63,12,24,51,45,72,41,1,84,2,50,37,15,5,61,4,18
"Jansen, Danny","643376","2025",,,,,,,,,25,,,,,,,20,,,,
"Maton, Nick","665155","2025",,,,,,,,,46,,,,,,,9,,,,
"Lawlar, Jordan","691783","2025",,,,,,,,,30,,,,,,,98,,,,
"Rojas, Johan","679032","2025",,,,,,,,,79,,,,,,94,99,,,,
"Castellanos, Nick","592206","2025",26,34,40,44,12,51,37,18,56,16,44,15,16,3,30,56,1,22,23,13
"Tovar, Ezequiel","678662","2025",46,68,64,59,28,34,54,42,80,31,25,15,10,3,58,56,83,41,2,28
"García, Adolis","666969","2025",31,21,58,66,6,75,73,89,87,70,28,12,15,10,92,40,72,48,53,18
"Heyward, Jason","518792","2025",,,,,,,,,41,,,,,,,44,,,,
"Lux, Gavin","666158","2025",16,28,6,8,54,9,10,24,19,23,41,81,68,96,68,65,,16,72,40
"Rengifo, Luis","650859","2025",19,61,22,16,29,24,18,10,45,12,62,24,67,34,53,38,13,15,61,69
"Seymour, Bob","676044","2025",,,,,,,,,94,,,,,,,18,,,,
"Vázquez, Christian","543877","2025",,,,,,,,,11,,,,,,,3,,,,
"Grichuk, Randal","545341","2025",,,,,,,,,95,,,,,,77,41,,,,
"Profar, Jurickson","595777","2025",49,16,30,38,76,20,35,35,43,36,82,90,88,74,51,24,8,,,
"Melendez, MJ","669004","2025",,,,,,,,,36,,,,,,,44,,,,
"Outman, James","681546","2025",,,,,,,,,60,,,,,,88,81,,,,
"Straw, Myles","664702","2025",,,,,,,,,19,,,,,,44,96,97,,,
"DeJong, Paul","657557","2025",,,,,,,,,61,,,,,,25,25,40,,,
"Soderstrom, Tyler","691016","2025",75,71,70,65,68,82,70,84,90,86,44,56,41,45,88,50,52,77,47,28
"Bauers, Jake","641343","2025",,,,,,,,,81,,,,,,38,42,,,,
"Schmitt, Casey","669477","2025",55,58,57,54,50,27,50,43,72,52,34,44,40,26,64,54,17,,,
"Iglesias, Jose","578428","2025",7,26,2,3,32,2,4,1,48,6,80,34,86,16,27,60,21,,,
"Yorke, Nick","694377","2025",,,,,,,,,84,,,,,,,69,,,,
"Cameron, Daz","663662","2025",,,,,,,,,48,,,,,,,56,,,,
"Grisham, Trent","663757","2025",90,47,87,92,91,86,89,75,51,66,36,96,62,99,54,31,31,31,85,18
